<?xml version="1.0" encoding="UTF-8"?>
<!DOCTYPE plist PUBLIC "-//Apple//DTD PLIST 1.0//EN" "http://www.apple.com/DTDs/PropertyList-1.0.dtd">
<plist version="1.0">
<dict>
	<key>LayoutID</key>
	<integer>3</integer>
	<key>PathMapRef</key>
	<array>
		<dict>
			<key>CodecID</key>
			<array>
				<integer>287143648</integer>
			</array>
			<key>Headphone</key>
			<dict>
				<key>MuteGPIO</key>
				<integer>0</integer>
			</dict>
			<key>Inputs</key>
			<array>
				<string>Mic</string>
			</array>
			<key>IntSpeaker</key>
			<dict/>
			<key>LineIn</key>
			<dict>
				<key>MuteGPIO</key>
				<integer>1342242827</integer>
			</dict>
			<key>Mic</key>
			<dict>
				<key>SignalProcessing</key>
				<dict>
					<key>SoftwareDSP</key>
					<dict>
						<key>DspFunction0</key>
						<dict>
							<key>FunctionInfo</key>
							<dict>
								<key>DspFuncInstance</key>
								<integer>0</integer>
								<key>DspFuncName</key>
								<string>DspVolume</string>
								<key>DspFuncProcessingIndex</key>
								<integer>0</integer>
							</dict>
							<key>ParameterInfo</key>
							<dict>
								<key>1</key>
								<integer>0</integer>
								<key>2</key>
								<integer>1101057229</integer>
								<key>3</key>
								<integer>0</integer>
								<key>4</key>
								<integer>1101057229</integer>
								<key>5</key>
								<integer>0</integer>
							</dict>
							<key>PatchbayInfo</key>
							<dict/>
						</dict>
						<key>DspFunction1</key>
						<dict>
							<key>FunctionInfo</key>
							<dict>
								<key>DspFuncInstance</key>
								<integer>1</integer>
								<key>DspFuncName</key>
								<string>DspB2</string>
								<key>DspFuncProcessingIndex</key>
								<integer>1</integer>
							</dict>
							<key>ParameterInfo</key>
							<dict>
								<key>1</key>
								<integer>1</integer>
								<key>10</key>
								<integer>0</integer>
								<key>11</key>
								<integer>-1052770304</integer>
								<key>12</key>
								<integer>1</integer>
								<key>2</key>
								<integer>0</integer>
								<key>255</key>
								<data>
								ChyQP08ofj/M
								Vmw/9xlYP9S9
								Nj82zBQ/pFEd
								P8UzQD+nYE8/
								IT0+Px2GGT/x
								PA8/OPYXPxpH
								IT+ebCc/hPAu
								P4ExLj8/uw8/
								zEH6PoEWAz90
								2Q4/GU4XP4u1
								Gj/oURc/XpEJ
								P8ga7z4eRv8+
								wLAPPwWmCz9K
								IgM/uXL7PgUs
								8T43dPA+5Ln3
								PlWI+j7JBAo/
								uScIP56cAj8D
								NxA/TOULPwnV
								Bj9pngE/AV3y
								PjWJ5T7c4Os+
								asj1Pqsh9z6h
								Mgc/qlQHP0Xo
								/z4KYes+iMbc
								PgDb5D6afuM+
								mlTbPkj94j7m
								EgE/NhsRP4jn
								ED9/TQA/G4/t
								PpaH5D4BP+I+
								iqXsPkqUBT/m
								UhA/9CzxPr1L
								vj6XyrQ+9jG/
								Pq5PwT4YNLg+
								1MWmPpo3nz6b
								1aE+yqa4Pnax
								xz6PDcs+vZPR
								PqQhxD7pqq4+
								i2aXPi0JeT6G
								JV8+ArFjPh9a
								QD6uIWk+s9Gc
								PsIthj4Zzjg+
								4UbHPeSeYDxB
								R3S9xd9avUaA
								rzup7JI8m84E
								PLnWqDum+TI9
								PP0tPcZmWT3s
								BCA9OIe4vWwA
								/L3ErKO9vBJN
								PEHJmj3qixA9
								nm0JvcJc470V
								aFy+fMedvvJY
								xb7aRam+4E6h
								vjyZfr43Ybq9
								AAAAAAAAAAAA
								AAAAAAAAAAAA
								AAAAAAAAAAAA
								AAAAAAAAAAAA
								AAAAAAAAAAAA
								AAAAAAAAAAAA
								AAAAAAAAAAAA
								AAAAAAAAAAAA
								AAAAAAAAAAAA
								AAAAAAAAAAAA
								AAAAAAAAAAAA
								AAAAAAAAAAAA
								AAAAAAAAAAAA
								AAAAAAAAAAAA
								AAAAAAAAAAAA
								AAAAAAAAAAAA
								AAAAAAAAAAAA
								AAAAAAAAAAAA
								AAAAAAAAAAAA
								AAAAAIAAAAAA
								AAAAAAAAAAAA
								AAAAAAAAAAAA
								AAAAAAAAAAAA
								AAAAAAAAAAAA
								AAAAAAAAAAAA
								AAAAAAAAAAAA
								AAAAAAAAAAAA
								AAAAAAAAAAAA
								AAAAAAAAAAAA
								AAAAAAAAAAAA
								AAAAAAAAAAAA
								AAAAAAAAAAAA
								AAAAAAAAAAAA
								AAAAAAAAAAAA
								AAAAAAAAAAAA
								AAAAAAAAAAAA
								AAAAAAAAAAAA
								AAAAAAAAAAAA
								AAAAAAAAAAAA
								AAAAAAAAAAAA
								AAAAAAAAAAAA
								AAAAAAAAAAAA
								AAAAAAAAAAAA
								AAAAAAAAAAAA
								AAAAAAAAAAAA
								AAAAAAAAAAAA
								AAAAAAAAAAAA
								AAAAAAAAAAAA
								AAAAAAAAAAAA
								AAAAAAAAAAAA
								AAAAAAAAAAAA
								AAAAAAAAAAAA
								AAAAAAAAAAAA
								AAAAAAAAAAAA
								AAAAAAAAAAAA
								AAAAAAAAAAAA
								AAAAAAAAAAAA
								AAAAAAAAAAAA
								AAAAAAAAAAAA
								AAAAAAAAAAAA
								AAAAAAAAAAAA
								AAAAAAAAAAAA
								AAAAAAAAc4Yz
								vXAoLL5Ip36+
								dvGevjb+YL5G
								zZW9wFBmvVHT
								Nr4xXZm+7dOk
								vpAaY76a1B++
								t709vvwTQL7r
								mVS+X4qrvoJ7
								tr7epJG+SPNa
								vuw5Tb5Fsm2+
								NNKBvvizm75z
								Sbe+a+KRvkMC
								gr6VzGC+9dqY
								vjEXrb5xnaC+
								fbqVvoplkr6v
								Qoe+249+vj40
								jb7FcZG+7WKR
								vr67ob4SOau+
								knrEvsU5xr67
								N8G+fEa+vvSN
								r74wx6e+fS22
								vinSrr6SZM2+
								dBvivi1c5r7q
								3M++tBfVvn3H
								zb6CWsu+yda8
								vnnYr77DBMy+
								ukoAv37uB79e
								3ga/SAICv8bn
								A789K/G+rQr8
								vlciG79A4S+/
								/2wrv/i2Hb8y
								Cxm/ah0ev/7v
								I786UiK/kPQb
								v6V1Fr+TJRG/
								zuEbvwNmJL8o
								Mi+/2c88vz2N
								R79vBUu/jupH
								v+bkQ7+fBEO/
								xT06v9ieNb9W
								LEK/Fxtev/P9
								a7+gBGy/8wJn
								v39HVb9K7Dy/
								ISo0v7EUPL+V
								3jq/HvM0v0eP
								Nb+MfT6/geQ/
								v/72Wb8ce1W/
								fcY+vyNfLL+V
								4iu/tBlCv2co
								Xr+cXGm/MVV0
								v80Ocb9ssWi/
								5sZJv1+NL7/b
								1SS/bXobv7Hj
								gL4AAAAAAAAA
								AAAAAAAAAAAA
								AAAAAAAAAAAA
								AAAAAAAAAAAA
								AAAAAAAAAAAA
								AAAAAAAAAAAA
								AAAAAAAAAAAA
								AAAAAAAAAAAA
								AAAAAAAAAAAA
								AAAAAAAAAAAA
								AAAAAAAAAAAA
								AAAAAAAAAAAA
								AAAAAAAAAAAA
								AAAAAAAAAAAA
								AAAAAAAAAAAA
								AAAAAAAAAAAA
								AAAAAAAAAAAA
								AAAAAAAAAAAA
								AAAAAAAAAAAA
								AAAAAAAAAAAA
								AAAAAAAAAAAA
								AAAAAAAAAAAA
								AAAAAAAAAAAA
								AAAAAAAAAAAA
								AAAAAAAAAAAA
								AAAAAAAAAAAA
								AAAAAAAAAAAA
								AAAAAAAAAAAA
								AAAAAAAAAAAA
								AAAAAAAAAAAA
								AAAAAAAAAAAA
								AAAAAAAAAAAA
								AAAAAAAAAAAA
								AAAAAAAAAAAA
								AAAAAAAAAAAA
								AAAAAAAAAAAA
								AAAAAAAAAAAA
								AAAAAAAAAAAA
								AAAAAAAAAAAA
								AAAAAAAAAAAA
								AAAAAAAAAAAA
								AAAAAAAAAAAA
								AAAAAAAAAAAA
								AAAAAAAAAAAA
								AAAAAAAAAAAA
								AAAAAAAAAAAA
								AAAAAAAAAAAA
								AAAAAAAAAAAA
								AAAAAAAAAAAA
								AAAAAAAAAAAA
								AAAAAAAAAAAA
								AAAAAAAAAAAA
								AAAAAAAAAAAA
								AAAAAAAAAAAA
								AAAAAAAAAAAA
								AAAAAAAAAAAA
								AAAAAAAAAAAA
								AAAAAAAAAAAA
								AAAAAAAAAAAA
								AAAAAAAAAAAA
								AAAAAAAAAAAA
								AAAAAAAAAAAA
								AAAAAKqGdT/P
								52w/dMhnP+mR
								Wj9RYT4/hcMR
								P2rh3z66BPM+
								cg4iP2vDQj/H
								QFE/R384P5eP
								Fz+cEwE/o5aU
								PgdL0T6Wcx0/
								RNkLP/roxj7l
								8a0+oXC7PpW7
								oT4dBgc+Yzyi
								PX+fhT5Gd7I+
								1vEHP6s63T4U
								Yt09OIObPfzP
								Cj5yYJU9RJW1
								PMKIIj2aqAs9
								uaI3Ply7MD10
								mc29UJF8PCrY
								VT22BcQ9hgi1
								PYGGgr06J9+9
								XiKuvaBMF74z
								ajK+XLj/vT3W
								873aJo+90U3o
								vcp3gb6shi6+
								4CXVvSA5fL01
								VdO9L+dDvinK
								V76060K+vheD
								vtt0kb6/uGa+
								LswYvhxoXL6B
								oIy+chuKvkq1
								Pb5c4gW+kwc6
								vvqsfL4mtHK+
								MMRzvqbKm74N
								GY2+YnR7vpAk
								X76sQoC+3miJ
								viU7fL6QS4O+
								AEZ1vgayU74o
								oES+T18+voWN
								ir4yWqS+FZiC
								vtIjkr6PAZ++
								nJOLvr9Lcb4m
								hIm+DGuLvvpF
								ir7F4ZC+xdWA
								vm+oa74runi+
								l7aIvm++oL6b
								x6i+gPyTviM4
								nr7oJ6S+RH2e
								vv6un77JmaG+
								38qZvp0wi762
								Lkq+uMuIvnPn
								jL5r6Kq+Lk+u
								vpDNoL7OT5W+
								nuL3vQAAAAAA
								AAAAAAAAAAAA
								AAAAAAAAAAAA
								AAAAAAAAAAAA
								AAAAAAAAAAAA
								AAAAAAAAAAAA
								AAAAAAAAAAAA
								AAAAAAAAAAAA
								AAAAAAAAAAAA
								AAAAAAAAAAAA
								AAAAAAAAAAAA
								AAAAAAAAAAAA
								AAAAAAAAAAAA
								AAAAAAAAAAAA
								AAAAAAAAAAAA
								AAAAAAAAAAAA
								AAAAAAAAAAAA
								AAAAAAAAAAAA
								AAAAAAAAAAAA
								AAAAAAAAAAAA
								AAAAAAAAAAAA
								AAAAAAAAAAAA
								AAAAAAAAAAAA
								AAAAAAAAAAAA
								AAAAAAAAAAAA
								AAAAAAAAAAAA
								AAAAAAAAAAAA
								AAAAAAAAAAAA
								AAAAAAAAAAAA
								AAAAAAAAAAAA
								AAAAAAAAAAAA
								AAAAAAAAAAAA
								AAAAAAAAAAAA
								AAAAAAAAAAAA
								AAAAAAAAAAAA
								AAAAAAAAAAAA
								AAAAAAAAAAAA
								AAAAAAAAAAAA
								AAAAAAAAAAAA
								AAAAAAAAAAAA
								AAAAAAAAAAAA
								AAAAAAAAAAAA
								AAAAAAAAAAAA
								AAAAAAAAAAAA
								AAAAAAAAAAAA
								AAAAAAAAAAAA
								AAAAAAAAAAAA
								AAAAAAAAAAAA
								AAAAAAAAAAAA
								AAAAAAAAAAAA
								AAAAAAAAAAAA
								AAAAAAAAAAAA
								AAAAAAAAAAAA
								AAAAAAAAAAAA
								AAAAAAAAAAAA
								AAAAAAAAAAAA
								AAAAAAAAAAAA
								AAAAAAAAAAAA
								AAAAAAAAAAAA
								AAAAAAAAAAAA
								AAAAAAAAAAAA
								AAAAAAAAAAAA
								AAAAAAAAAAAA
								ADkknL3K3UG+
								lfSZvkSe0L6F
								9tq+whiKvmAc
								3710trG9SNId
								vibxrb5Etvu+
								u/EAv8WLK7+A
								b8m+OC+BvtI8
								t74RiQ6/eHwa
								vx8nAL80sAG/
								hHkkv+aUEL8Z
								gbC+LZ6WvmQL
								jr7c0/C+qB8V
								v/qIL7/1DRm/
								0pcFvzKxDL9c
								igm/Lg/hvjYF
								1b5vdP2+rZYG
								v3Wv9b5H9dG+
								/EyxvghD+b65
								3Qa/B00Hv/RX
								Cb93vu2+xfbX
								vrB69r7gVqu+
								mjK0vq5Qyb6A
								T+i+okK3vkOB
								l77EIoC+Wtu3
								viiY274+E8i+
								Mze0via7tb5l
								tLO+bRmPvqff
								Sb4bP5C+mk2V
								vsXbkb76p0S+
								X8cfvqSfcL7/
								2pW+RNuGvr1h
								cb7I3H++BJFn
								vqnKJL6HNxi+
								UZ46vqa2O76m
								Lya+I2kUvgsG
								CL7vNAC+qcPp
								vVSZCL5VeVa+
								+tZpvpIe4b3y
								Xxi+fDQGvsAq
								t71JQpi9wfuf
								veOtzL22Gbq9
								XuiZvXLBgr2n
								9yy93HaFvQbT
								v729sNe9x+Tb
								vTCm9Ly8Ziq9
								w/kOvZzDi7z2
								Qma7ovp7PCjD
								6TyFPUk9aKC9
								PR3oHD15Y9S8
								0LcyPFzcLjyw
								3mA95BnJPYTe
								LD7OtK09AAAA
								AAAAAAAAAAAA
								AAAAAAAAAAAA
								AAAAAAAAAAAA
								AAAAAAAAAAAA
								AAAAAAAAAAAA
								AAAAAAAAAAAA
								AAAAAAAAAAAA
								AAAAAAAAAAAA
								AAAAAAAAAAAA
								AAAAAAAAAAAA
								AAAAAAAAAAAA
								AAAAAAAAAAAA
								AAAAAAAAAAAA
								AAAAAAAAAAAA
								AAAAAAAAAAAA
								AAAAAAAAAAAA
								AAAAAAAAAAAA
								AAAAAAAAAAAA
								AAAAAAAAAAAA
								AIAAAAAAAAAA
								AAAAAAAAAAAA
								AAAAAAAAAAAA
								AAAAAAAAAAAA
								AAAAAAAAAAAA
								AAAAAAAAAAAA
								AAAAAAAAAAAA
								AAAAAAAAAAAA
								AAAAAAAAAAAA
								AAAAAAAAAAAA
								AAAAAAAAAAAA
								AAAAAAAAAAAA
								AAAAAAAAAAAA
								AAAAAAAAAAAA
								AAAAAAAAAAAA
								AAAAAAAAAAAA
								AAAAAAAAAAAA
								AAAAAAAAAAAA
								AAAAAAAAAAAA
								AAAAAAAAAAAA
								AAAAAAAAAAAA
								AAAAAAAAAAAA
								AAAAAAAAAAAA
								AAAAAAAAAAAA
								AAAAAAAAAAAA
								AAAAAAAAAAAA
								AAAAAAAAAAAA
								AAAAAAAAAAAA
								AAAAAAAAAAAA
								AAAAAAAAAAAA
								AAAAAAAAAAAA
								AAAAAAAAAAAA
								AAAAAAAAAAAA
								AAAAAAAAAAAA
								AAAAAAAAAAAA
								AAAAAAAAAAAA
								AAAAAAAAAAAA
								AAAAAAAAAAAA
								AAAAAAAAAAAA
								AAAAAAAAAAAA
								AAAAAAAAAAAA
								AAAAAAAAAAAA
								AAAAAAAAAABh
								Fs9Be+t7QagS
								fEBiygRAZIG7
								P2XVoT/d/qw/
								N9bLPyhg6z/0
								PuQ/DFiwP6uQ
								lz/i250/xmWH
								P51FiT9EqaQ/
								nn+fP2ZQgz9D
								B2s/Mi9/P5SX
								ij9jMH8/Nx5f
								PxneaT+uL4g/
								fVGGP5o2lT/n
								M6Q/CkNnP3Oz
								VT+0HWE/a6Bh
								P1R7Yj+U/GI/
								WwVlPwuzgT8G
								1WA/10ZNPzzm
								bT+bSGk/lcRW
								P5ffVz8VvlM/
								YzdNPwrUUT+q
								IlY/CFRQPwd+
								Vz/TOFA/+ZZX
								Pz7STD+pNko/
								L1hUPz8XXz8m
								llo/BwFUPxDl
								UD8I6E4/qFlM
								P45zQj/FF0Q/
								7A5UP7ZtVT9l
								Ekc/XYFFP0y8
								Tz+40lM/8MFN
								P75KTD+SOlE/
								x25NP6eQSj+4
								6VE/nfReP9JE
								Wj+uaGA/5WNb
								P74ZWT+CgFw/
								Z4VdP1rMWT9h
								oVg/aAphP5BU
								Yj+GDE0/f6ha
								PyY5bz+Qe1U/
								GvhPP0wkXD9k
								eVk/k95XP8N+
								Zj+nOHI/sR91
								P97xej8bAHE/
								Du1uP5vscT87
								2GU/yZhxPzeC
								eD/mFYY/NsiG
								P5cfgj9ufIU/
								5meHP6eYgD/2
								foc/wu2YP6qi
								hT/fqIA/4MOO
								Pzaomj/NbpI/
								5U+ZP66Ajz++
								PXY/PghpP2Fo
								dz+LpIA/Rk1u
								P1fFcz8jq4c/
								DUSIPxSCaj/I
								zHg/za6FPykQ
								gD92MYA/1nGH
								P2ZGiD9N/YQ/
								2v6IP0swhT+i
								bXs/Pz2BP2oU
								hT9GeWo/jF1k
								PwmWej/RxXU/
								aHlyP8iMgj9D
								w4M/F/V6PwEq
								eD93FIM/6k+B
								PyQbfj8hdoU/
								/7eDP1yWez+J
								MII/DdGDP0Zk
								ej8zj3o/DniG
								P+N5gT+YiXM/
								kkyEP+NwgT+B
								WHk/jAqBP3zR
								hD8cooA/4QF9
								P3rNgT9q6oQ/
								un+EP/TQgT/q
								EIg/kL6EP/qC
								hz/kq4U/eMuI
								PxayhD/zD4Q/
								1NWCP9BVhD+s
								IYc/hX2DP3Ed
								fj8Xz4A/FRWC
								P7XkdT9BxX0/
								jTd+PzDOdT/Z
								SHQ/Uut7P0Xc
								fz9qqnw/ba96
								Pzqkez8FzXc/
								N05wP7vAdj9t
								E3k/p8N2Px1D
								gD8bi3s/ly90
								P2BcdT8nU3k/
								Ne94PzJ/dT+P
								cXg/jhR8P1+d
								ez9OlX4/YUCF
								P0zfhD/glIc/
								V5aLP+v4jT9f
								n40/2sOGPy0P
								dT/9bmo/sMFh
								P2kVaz/KqGU/
								Yvx6Pygkez+M
								jIE/FOKAP+NR
								gD+EDX8/C2uC
								P2Xthz9I44Q/
								mZWAPy/diT8G
								XY4/JtCJP+PT
								jD+WeYk/tYCO
								P0njkT+LUJQ/
								T5CWP+r+lD8e
								H5I/JX+QP//q
								iT/Qh4o/lo+D
								P9uCgD8NGXM/
								n8hrP/GZYj8C
								GV0/VP5cP6IN
								Xz/DgGQ/c45w
								P3tTuj/1qWI/
								0BYmP9P2Wz/l
								2E4/bQ02P7Us
								QD/SHlg/FPZd
								P28nUj/Oxlo/
								MdWKP5ANnj9y
								+o0/BDWDP36I
								gD8RLHg/sg1n
								Py48dD8vFpc/
								BpuzP+K6uz9Y
								V8M/Q37sPxGY
								GUDHRyZAKpQE
								QFgEqT/S2oA/
								AdyJPwqSqD/p
								oMU/Oz3WP/Um
								1D9w98A/QV+y
								P2F0oT8pqag/
								sQfSP1YO0j9b
								vLg/vCC+PypI
								wj+TfcY/JXDR
								P2Zd0j+vYcg/
								Lj3MP2T8zj8R
								HOk/h0XwP/kh
								7z+bC+8/JHLh
								PwXJyj/4zrw/
								E4a0PxgRrD9X
								/6o/TqywP1Iq
								rz/T968/4xS/
								PwbHyj8UyNo/
								qkP0P1F3B0DU
								5RpAIo8yQMKc
								O0CqdzVAry07
								QOsMSEAmX0VA
								CJs4QFK5LkC8
								GiRAJn0UQC+x
								DEAn3wdAEqD8
								PzF66T9DJeo/
								YPzzP39G5z8S
								u+U/GyjpPxzL
								1z8ycdE/QILc
								PzHK5T+FLANA
								yFoeQFLMMUDo
								ETtAz+ZEQOEu
								SECYpERAaLtA
								QKRrKUBoURtA
								lh4QQDUQFUDr
								ghFA0hAGQJwc
								9z/0Yd0/EyO9
								P2z5tD/6Ls4/
								6i/LPwu1rT/r
								7bo/a03KP5oW
								vT8aBrs/h+3A
								P4+1tT9+4ag/
								iqKvP2rrsz+7
								+ak/H6q+P1V7
								1z+/+eE/TovH
								PxJsxz+x4Lg/
								Y9ybP45Bhj/Q
								Y30/5FhuP/7W
								Xz9UBXk/25N8
								P+u0YT+AdHw/
								xHCEP040bj/i
								TWk/p8yEP6xB
								jT9oBpc/zmqy
								P4k8zT+UQNA/
								acTIP0cjyD92
								47k/p36yP4Qq
								sT+4dZY/ZD6D
								P4gPhD9miok/
								QVSFPwvbgT/i
								Los/clSMP4Os
								ij/Vjpg/S4+g
								P9jwnD+7d6E/
								HFakP3aeoT9o
								U58/QiigP5iz
								nj+FHZQ//W+D
								P903ej+/qGI/
								uNZUP9hkPz+N
								sSA/2joMP6xs
								Az9FMgA/mP77
								Pgi28j6/yuE+
								yKrTPkak1z41
								iOE+8xbgPjkn
								6j7HUus+6rnj
								PhHv4T6oEuc+
								D4nqPqKT5j7X
								eeM+TPPlPjng
								2T40wNM+4YHg
								Pnk14T6P6t4+
								ZoTmPj1E7T52
								nu8+e2/+PhQY
								Cz8zMhI/Pw4X
								P8wUIz/47Cs/
								bwswP5fzOD9K
								YTw/akA2P6sd
								Kj9sRxk/FkcH
								PyAk4j4C5ag+
								SltoPhSdNT4g
								rjE++hM6PpfO
								QD56sVE+ZIlc
								PrNYaT5yaHI+
								XcKBPtPeij6O
								o5U+DTGgPkCV
								nT5d4Zg+lgql
								PpYKpT6WCqU+
								lgqlPpYKpT6W
								CqU+lgqlPpYK
								pT6WCqU+lgql
								PpYKpT6WCqU+
								lgqlPpYKpT6W
								CqU+lgqlPpYK
								pT6WCqU+lgql
								PpYKpT6WCqU+
								lgqlPpYKpT6W
								CqU+
								</data>
								<key>3</key>
								<integer>0</integer>
								<key>7</key>
								<integer>3</integer>
								<key>8</key>
								<integer>1</integer>
								<key>9</key>
								<integer>20</integer>
							</dict>
							<key>PatchbayInfo</key>
							<dict>
								<key>InputPort0</key>
								<dict>
									<key>PortInstance</key>
									<integer>0</integer>
									<key>PortWidth</key>
									<integer>1</integer>
									<key>SourceFuncInstance</key>
									<integer>0</integer>
									<key>SourcePortIndex</key>
									<integer>0</integer>
								</dict>
								<key>InputPort1</key>
								<dict>
									<key>PortInstance</key>
									<integer>1</integer>
									<key>PortWidth</key>
									<integer>1</integer>
									<key>SourceFuncInstance</key>
									<integer>0</integer>
									<key>SourcePortIndex</key>
									<integer>1</integer>
								</dict>
							</dict>
						</dict>
						<key>DspFunction2</key>
						<dict>
							<key>FunctionInfo</key>
							<dict>
								<key>DspFuncInstance</key>
								<integer>2</integer>
								<key>DspFuncName</key>
								<string>DspEqualization32</string>
								<key>DspFuncProcessingIndex</key>
								<integer>2</integer>
							</dict>
							<key>ParameterInfo</key>
							<dict>
								<key>1</key>
								<integer>0</integer>
								<key>9</key>
								<integer>0</integer>
								<key>Filter</key>
								<array>
									<dict>
										<key>2</key>
										<integer>0</integer>
										<key>3</key>
										<integer>0</integer>
										<key>4</key>
										<integer>0</integer>
										<key>5</key>
										<integer>1</integer>
										<key>6</key>
										<integer>1117126656</integer>
										<key>7</key>
										<integer>1060439283</integer>
										<key>8</key>
										<integer>-1069504319</integer>
									</dict>
									<dict>
										<key>2</key>
										<integer>0</integer>
										<key>3</key>
										<integer>13</integer>
										<key>4</key>
										<integer>0</integer>
										<key>5</key>
										<integer>4</integer>
										<key>6</key>
										<integer>1128827315</integer>
										<key>7</key>
										<integer>1084020653</integer>
										<key>8</key>
										<integer>-1064529931</integer>
									</dict>
									<dict>
										<key>2</key>
										<integer>0</integer>
										<key>3</key>
										<integer>15</integer>
										<key>4</key>
										<integer>0</integer>
										<key>5</key>
										<integer>4</integer>
										<key>6</key>
										<integer>1164412463</integer>
										<key>7</key>
										<integer>1082433155</integer>
										<key>8</key>
										<integer>-1066376759</integer>
									</dict>
									<dict>
										<key>2</key>
										<integer>0</integer>
										<key>3</key>
										<integer>17</integer>
										<key>4</key>
										<integer>0</integer>
										<key>5</key>
										<integer>4</integer>
										<key>6</key>
										<integer>1148617094</integer>
										<key>7</key>
										<integer>1077958639</integer>
										<key>8</key>
										<integer>-1061592805</integer>
									</dict>
									<dict>
										<key>2</key>
										<integer>0</integer>
										<key>3</key>
										<integer>18</integer>
										<key>4</key>
										<integer>0</integer>
										<key>5</key>
										<integer>4</integer>
										<key>6</key>
										<integer>1153040384</integer>
										<key>7</key>
										<integer>1077828667</integer>
										<key>8</key>
										<integer>-1064262919</integer>
									</dict>
									<dict>
										<key>2</key>
										<integer>0</integer>
										<key>3</key>
										<integer>19</integer>
										<key>4</key>
										<integer>0</integer>
										<key>5</key>
										<integer>4</integer>
										<key>6</key>
										<integer>1137081369</integer>
										<key>7</key>
										<integer>1075935306</integer>
										<key>8</key>
										<integer>-1060257748</integer>
									</dict>
									<dict>
										<key>2</key>
										<integer>0</integer>
										<key>3</key>
										<integer>20</integer>
										<key>4</key>
										<integer>0</integer>
										<key>5</key>
										<integer>4</integer>
										<key>6</key>
										<integer>1169999848</integer>
										<key>7</key>
										<integer>1083927923</integer>
										<key>8</key>
										<integer>-1061592805</integer>
									</dict>
									<dict>
										<key>2</key>
										<integer>0</integer>
										<key>3</key>
										<integer>31</integer>
										<key>4</key>
										<integer>0</integer>
										<key>5</key>
										<integer>0</integer>
										<key>6</key>
										<integer>1184645120</integer>
										<key>7</key>
										<integer>1062491227</integer>
										<key>8</key>
										<integer>-1076890977</integer>
									</dict>
									<dict>
										<key>2</key>
										<integer>1</integer>
										<key>3</key>
										<integer>0</integer>
										<key>4</key>
										<integer>0</integer>
										<key>5</key>
										<integer>1</integer>
										<key>6</key>
										<integer>1117126656</integer>
										<key>7</key>
										<integer>1060439283</integer>
										<key>8</key>
										<integer>-1069504319</integer>
									</dict>
									<dict>
										<key>2</key>
										<integer>1</integer>
										<key>3</key>
										<integer>13</integer>
										<key>4</key>
										<integer>0</integer>
										<key>5</key>
										<integer>4</integer>
										<key>6</key>
										<integer>1128827315</integer>
										<key>7</key>
										<integer>1084020653</integer>
										<key>8</key>
										<integer>-1064529931</integer>
									</dict>
									<dict>
										<key>2</key>
										<integer>1</integer>
										<key>3</key>
										<integer>15</integer>
										<key>4</key>
										<integer>0</integer>
										<key>5</key>
										<integer>4</integer>
										<key>6</key>
										<integer>1164412463</integer>
										<key>7</key>
										<integer>1082433155</integer>
										<key>8</key>
										<integer>-1066376759</integer>
									</dict>
									<dict>
										<key>2</key>
										<integer>1</integer>
										<key>3</key>
										<integer>17</integer>
										<key>4</key>
										<integer>0</integer>
										<key>5</key>
										<integer>4</integer>
										<key>6</key>
										<integer>1148617094</integer>
										<key>7</key>
										<integer>1077958639</integer>
										<key>8</key>
										<integer>-1061592805</integer>
									</dict>
									<dict>
										<key>2</key>
										<integer>1</integer>
										<key>3</key>
										<integer>18</integer>
										<key>4</key>
										<integer>0</integer>
										<key>5</key>
										<integer>4</integer>
										<key>6</key>
										<integer>1153040384</integer>
										<key>7</key>
										<integer>1077828667</integer>
										<key>8</key>
										<integer>-1064262919</integer>
									</dict>
									<dict>
										<key>2</key>
										<integer>1</integer>
										<key>3</key>
										<integer>19</integer>
										<key>4</key>
										<integer>0</integer>
										<key>5</key>
										<integer>4</integer>
										<key>6</key>
										<integer>1137081369</integer>
										<key>7</key>
										<integer>1075935306</integer>
										<key>8</key>
										<integer>-1060257748</integer>
									</dict>
									<dict>
										<key>2</key>
										<integer>1</integer>
										<key>3</key>
										<integer>20</integer>
										<key>4</key>
										<integer>0</integer>
										<key>5</key>
										<integer>4</integer>
										<key>6</key>
										<integer>1169999848</integer>
										<key>7</key>
										<integer>1083927923</integer>
										<key>8</key>
										<integer>-1061592805</integer>
									</dict>
									<dict>
										<key>2</key>
										<integer>1</integer>
										<key>3</key>
										<integer>31</integer>
										<key>4</key>
										<integer>0</integer>
										<key>5</key>
										<integer>0</integer>
										<key>6</key>
										<integer>1184645120</integer>
										<key>7</key>
										<integer>1062491227</integer>
										<key>8</key>
										<integer>-1076890977</integer>
									</dict>
								</array>
							</dict>
							<key>PatchbayInfo</key>
							<dict>
								<key>InputPort0</key>
								<dict>
									<key>PortInstance</key>
									<integer>0</integer>
									<key>PortWidth</key>
									<integer>1</integer>
									<key>SourceFuncInstance</key>
									<integer>1</integer>
									<key>SourcePortIndex</key>
									<integer>0</integer>
								</dict>
								<key>InputPort1</key>
								<dict>
									<key>PortInstance</key>
									<integer>1</integer>
									<key>PortWidth</key>
									<integer>1</integer>
									<key>SourceFuncInstance</key>
									<integer>1</integer>
									<key>SourcePortIndex</key>
									<integer>1</integer>
								</dict>
							</dict>
						</dict>
						<key>DspFunction3</key>
						<dict>
							<key>FunctionInfo</key>
							<dict>
								<key>DspFuncInstance</key>
								<integer>3</integer>
								<key>DspFuncName</key>
								<string>DspNoiseReduction</string>
								<key>DspFuncProcessingIndex</key>
								<integer>3</integer>
							</dict>
							<key>ParameterInfo</key>
							<dict>
								<key>1</key>
								<integer>0</integer>
								<key>2</key>
								<integer>1</integer>
								<key>3</key>
								<integer>0</integer>
								<key>4</key>
								<integer>-1121976480</integer>
								<key>5</key>
								<data>
								STeIwt6jccLS
								B3nCXoyDwtJF
								iMLAF4vCGoWM
								wrGYjsI/o5DC
								/mWRwg2CkcIc
								/ZDC3eeRwo6c
								lMIyipXCRcSV
								wsVelsK94ZbC
								qTOXwtt5l8KN
								iZfCxqyXwnbl
								lsKyD5TCSWOT
								wjipk8LZbJXC
								jeCVwi8vlcLh
								wJTCjHeVwqte
								lcL+wpTCU/uU
								wv3zlMKVL5TC
								n0CTwizwksLV
								1ZPCL9WTwosz
								k8Kum5LCTziR
								wvvfjsKFPo/C
								rpCQwhxBkcIb
								5JHCaHuRwgOY
								kMJjfJDCdIyQ
								wgPZkML895HC
								M8WSwkXDksKB
								0ZLCKgKTwk0/
								k8Iit5PCy6yU
								woYwlcIFzJXC
								zUKWwm/nlsIq
								tJfCN5SYwoML
								mcK/epnCPNmZ
								wpwbmsJdoprC
								GfqawjB7m8KX
								HJzCA5mcwqgD
								ncJWQJ3CoaSd
								wj83nsIAY57C
								+niewtfOnsL9
								Yp/CeqWfwtHW
								n8IxKqDCaVeg
								wkdioMIGVqDC
								NmWgwiepoMKN
								7qDCkO+gwoM4
								ocKhTqHCKUah
								wiNXocJ7f6DC
								VfSbwheAmcJe
								NJ7Cpnuhwoa6
								ocI3oqHC2Iyh
								wnOQocKLj6HC
								FZihwjuaocKR
								f6HCTmKhwqht
								ocK1eaHCA2mh
								wp9SocJmSqHC
								QzOhwu/zoMJD
								5KDCDQGhwvrQ
								oMLl2KDCX+mg
								wjWzoMKUtaDC
								Tbqgwm+IoMIt
								Ta7C
								</data>
								<key>6</key>
								<integer>0</integer>
							</dict>
							<key>PatchbayInfo</key>
							<dict>
								<key>InputPort0</key>
								<dict>
									<key>PortInstance</key>
									<integer>0</integer>
									<key>PortWidth</key>
									<integer>1</integer>
									<key>SourceFuncInstance</key>
									<integer>2</integer>
									<key>SourcePortIndex</key>
									<integer>0</integer>
								</dict>
								<key>InputPort1</key>
								<dict>
									<key>PortInstance</key>
									<integer>1</integer>
									<key>PortWidth</key>
									<integer>1</integer>
									<key>SourceFuncInstance</key>
									<integer>2</integer>
									<key>SourcePortIndex</key>
									<integer>1</integer>
								</dict>
							</dict>
						</dict>
						<key>DspFunction4</key>
						<dict>
							<key>FunctionInfo</key>
							<dict>
								<key>DspFuncInstance</key>
								<integer>4</integer>
								<key>DspFuncName</key>
								<string>DspClientGainAdjustStage</string>
								<key>DspFuncProcessingIndex</key>
								<integer>4</integer>
							</dict>
							<key>ParameterInfo</key>
							<dict>
								<key>1</key>
								<integer>1</integer>
								<key>2</key>
								<integer>-1046426419</integer>
								<key>3</key>
								<integer>0</integer>
								<key>4</key>
								<integer>1106300109</integer>
								<key>5</key>
								<integer>0</integer>
								<key>6</key>
								<integer>1072064102</integer>
								<key>7</key>
								<integer>0</integer>
								<key>8</key>
								<integer>0</integer>
							</dict>
							<key>PatchbayInfo</key>
							<dict>
								<key>InputPort0</key>
								<dict>
									<key>PortInstance</key>
									<integer>0</integer>
									<key>PortWidth</key>
									<integer>1</integer>
									<key>SourceFuncInstance</key>
									<integer>3</integer>
									<key>SourcePortIndex</key>
									<integer>0</integer>
								</dict>
								<key>InputPort1</key>
								<dict>
									<key>PortInstance</key>
									<integer>1</integer>
									<key>PortWidth</key>
									<integer>1</integer>
									<key>SourceFuncInstance</key>
									<integer>3</integer>
									<key>SourcePortIndex</key>
									<integer>1</integer>
								</dict>
							</dict>
						</dict>
					</dict>
				</dict>
			</dict>
			<key>Outputs</key>
			<array>
				<string>IntSpeaker</string>
				<string>Headphone</string>
			</array>
			<key>PathMapID</key>
			<integer>1</integer>
		</dict>
	</array>
</dict>
</plist>
