<?xml version="1.0" encoding="UTF-8"?>
<!DOCTYPE plist PUBLIC "-//Apple//DTD PLIST 1.0//EN" "http://www.apple.com/DTDs/PropertyList-1.0.dtd">
<plist version="1.0">
<dict>
	<key>LayoutID</key>
	<integer>9</integer>
	<key>PathMapRef</key>
	<array>
		<dict>
			<key>CodecID</key>
			<array>
				<integer>299145371</integer>
			</array>
			<key>HDMI</key>
			<dict/>
			<key>Headphone</key>
			<dict>
				<key>MuteGPIO</key>
				<integer>1677787153</integer>
			</dict>
			<key>Inputs</key>
			<array>
				<string>LineIn</string>
				<string>Mic</string>
				<string>SPDIFIn</string>
			</array>
			<key>IntSpeaker</key>
			<dict>
				<key>MuteGPIO</key>
				<integer>0</integer>
			</dict>
			<key>LineIn</key>
			<dict>
				<key>MuteGPIO</key>
				<integer>1677787159</integer>
			</dict>
			<key>LineOut</key>
			<dict>
				<key>MuteGPIO</key>
				<integer>1</integer>
			</dict>
			<key>Mic</key>
			<dict>
				<key>MuteGPIO</key>
				<integer>1677787156</integer>
				<key>SignalProcessing</key>
				<dict>
					<key>SoftwareDSP</key>
					<dict>
						<key>DspFunction0</key>
						<dict>
							<key>FunctionInfo</key>
							<dict>
								<key>DspFuncInstance</key>
								<integer>0</integer>
								<key>DspFuncName</key>
								<string>DspNoiseReduction</string>
								<key>DspFuncProcessingIndex</key>
								<integer>0</integer>
							</dict>
							<key>ParameterInfo</key>
							<dict>
								<key>1</key>
								<integer>0</integer>
								<key>2</key>
								<integer>1</integer>
								<key>3</key>
								<integer>0</integer>
								<key>4</key>
								<integer>-1077065615</integer>
								<key>5</key>
								<data>
								O7qJwvAsd8Ix
								FYLCNC+Iwgh8
								h8JYT3zCTGxt
								wjCQbMLsb3/C
								58KIwmIAjcKq
								EZTCM22Xwr5/
								k8L6Q5DCUXiP
								whlqksKOQ5TC
								QS2XwkCYnMLS
								mqPCbK+owlyQ
								q8I0AazCbnGn
								wkmOosLZX6HC
								VuujwsbgqMLF
								76vCmNaswvjz
								qsKJLarC9luq
								wvxyqcLWr6XC
								dkajwulQpMJs
								1afCbmCqwqbp
								qcIaSKrCSrmp
								wjv+p8KjIqjC
								VkOowh9WqMLu
								n6nCudimwvIS
								p8K686rC+Kqo
								wpS1psL0aqnC
								rv6rwti3qcJ6
								XqfC0Hemws04
								psKaw6fCJrOq
								woMorMLbHq3C
								F8GswgJLr8Ku
								2a/C01aswjRi
								rMLYuq3C2TSw
								wuZ1ssLUerPC
								3H60wrzAtMJG
								97HCSAuxwu5w
								scKSarPCQGK1
								woYFtcIw7LHC
								OMuxwiKZs8K8
								YrXC6nO4ws5c
								u8KCa73CJjG+
								wqekvMK9RLnC
								4/a2wuKBt8Jy
								/LfCLty7wk/o
								vsICsr7ChC7A
								wtobw8LCI8PC
								qfnDwuBGxcK6
								5MTCf1jFwr65
								x8KDesrC7cHK
								wkXiysI+5c3C
								qh/Rwhmf0cIm
								vtPClErXwmrF
								18JUfdvCNi7f
								wty43cL+WdvC
								uqrawiIL3cKC
								R+HCYPDnwqQ6
								7MLYserCshHo
								wl7L6MK2guzC
								svrvwu4o8cJy
								fv7C
								</data>
							</dict>
							<key>PatchbayInfo</key>
							<dict/>
						</dict>
						<key>DspFunction1</key>
						<dict>
							<key>FunctionInfo</key>
							<dict>
								<key>DspFuncInstance</key>
								<integer>1</integer>
								<key>DspFuncName</key>
								<string>DspEqualization32</string>
								<key>DspFuncProcessingIndex</key>
								<integer>1</integer>
							</dict>
							<key>ParameterInfo</key>
							<dict>
								<key>1</key>
								<integer>0</integer>
								<key>9</key>
								<integer>0</integer>
								<key>Filter</key>
								<array>
									<dict>
										<key>2</key>
										<integer>2</integer>
										<key>3</key>
										<integer>0</integer>
										<key>4</key>
										<integer>0</integer>
										<key>5</key>
										<integer>1</integer>
										<key>6</key>
										<integer>1117798621</integer>
										<key>7</key>
										<integer>1060439283</integer>
										<key>8</key>
										<integer>1099519471</integer>
									</dict>
									<dict>
										<key>2</key>
										<integer>2</integer>
										<key>3</key>
										<integer>1</integer>
										<key>4</key>
										<integer>0</integer>
										<key>5</key>
										<integer>1</integer>
										<key>6</key>
										<integer>1119348522</integer>
										<key>7</key>
										<integer>1059260437</integer>
										<key>8</key>
										<integer>-1065691423</integer>
									</dict>
									<dict>
										<key>2</key>
										<integer>2</integer>
										<key>3</key>
										<integer>2</integer>
										<key>4</key>
										<integer>0</integer>
										<key>5</key>
										<integer>4</integer>
										<key>6</key>
										<integer>1126740000</integer>
										<key>7</key>
										<integer>1075076376</integer>
										<key>8</key>
										<integer>-1069046873</integer>
									</dict>
									<dict>
										<key>2</key>
										<integer>2</integer>
										<key>3</key>
										<integer>3</integer>
										<key>4</key>
										<integer>0</integer>
										<key>5</key>
										<integer>4</integer>
										<key>6</key>
										<integer>1134196508</integer>
										<key>7</key>
										<integer>1084871033</integer>
										<key>8</key>
										<integer>-1071716987</integer>
									</dict>
									<dict>
										<key>2</key>
										<integer>2</integer>
										<key>3</key>
										<integer>4</integer>
										<key>4</key>
										<integer>0</integer>
										<key>5</key>
										<integer>4</integer>
										<key>6</key>
										<integer>1150659411</integer>
										<key>7</key>
										<integer>1097946455</integer>
										<key>8</key>
										<integer>-1067444805</integer>
									</dict>
									<dict>
										<key>2</key>
										<integer>2</integer>
										<key>3</key>
										<integer>5</integer>
										<key>4</key>
										<integer>0</integer>
										<key>5</key>
										<integer>4</integer>
										<key>6</key>
										<integer>1152963374</integer>
										<key>7</key>
										<integer>1069060210</integer>
										<key>8</key>
										<integer>-1078236516</integer>
									</dict>
									<dict>
										<key>2</key>
										<integer>2</integer>
										<key>3</key>
										<integer>6</integer>
										<key>4</key>
										<integer>0</integer>
										<key>5</key>
										<integer>4</integer>
										<key>6</key>
										<integer>1167903888</integer>
										<key>7</key>
										<integer>1090649811</integer>
										<key>8</key>
										<integer>-1081440652</integer>
									</dict>
									<dict>
										<key>2</key>
										<integer>2</integer>
										<key>3</key>
										<integer>7</integer>
										<key>4</key>
										<integer>0</integer>
										<key>5</key>
										<integer>4</integer>
										<key>6</key>
										<integer>1156783090</integer>
										<key>7</key>
										<integer>1086324738</integer>
										<key>8</key>
										<integer>-1085023055</integer>
									</dict>
									<dict>
										<key>2</key>
										<integer>2</integer>
										<key>3</key>
										<integer>8</integer>
										<key>4</key>
										<integer>0</integer>
										<key>5</key>
										<integer>4</integer>
										<key>6</key>
										<integer>1137079514</integer>
										<key>7</key>
										<integer>1080332880</integer>
										<key>8</key>
										<integer>-1079304561</integer>
									</dict>
									<dict>
										<key>2</key>
										<integer>2</integer>
										<key>3</key>
										<integer>9</integer>
										<key>4</key>
										<integer>0</integer>
										<key>5</key>
										<integer>4</integer>
										<key>6</key>
										<integer>1140222640</integer>
										<key>7</key>
										<integer>1082932277</integer>
										<key>8</key>
										<integer>-1071182965</integer>
									</dict>
									<dict>
										<key>2</key>
										<integer>2</integer>
										<key>3</key>
										<integer>10</integer>
										<key>4</key>
										<integer>0</integer>
										<key>5</key>
										<integer>4</integer>
										<key>6</key>
										<integer>1143899473</integer>
										<key>7</key>
										<integer>1093586113</integer>
										<key>8</key>
										<integer>-1081440652</integer>
									</dict>
									<dict>
										<key>2</key>
										<integer>2</integer>
										<key>3</key>
										<integer>11</integer>
										<key>4</key>
										<integer>0</integer>
										<key>5</key>
										<integer>4</integer>
										<key>6</key>
										<integer>1145626859</integer>
										<key>7</key>
										<integer>1096781382</integer>
										<key>8</key>
										<integer>-1081440652</integer>
									</dict>
									<dict>
										<key>2</key>
										<integer>2</integer>
										<key>3</key>
										<integer>12</integer>
										<key>4</key>
										<integer>0</integer>
										<key>5</key>
										<integer>4</integer>
										<key>6</key>
										<integer>1149071879</integer>
										<key>7</key>
										<integer>1095439513</integer>
										<key>8</key>
										<integer>-1073964333</integer>
									</dict>
									<dict>
										<key>2</key>
										<integer>2</integer>
										<key>3</key>
										<integer>13</integer>
										<key>4</key>
										<integer>0</integer>
										<key>5</key>
										<integer>4</integer>
										<key>6</key>
										<integer>1152325811</integer>
										<key>7</key>
										<integer>1093325532</integer>
										<key>8</key>
										<integer>-1072251010</integer>
									</dict>
									<dict>
										<key>2</key>
										<integer>2</integer>
										<key>3</key>
										<integer>14</integer>
										<key>4</key>
										<integer>0</integer>
										<key>5</key>
										<integer>4</integer>
										<key>6</key>
										<integer>1176266673</integer>
										<key>7</key>
										<integer>1099333878</integer>
										<key>8</key>
										<integer>-1076100424</integer>
									</dict>
									<dict>
										<key>2</key>
										<integer>2</integer>
										<key>3</key>
										<integer>31</integer>
										<key>4</key>
										<integer>0</integer>
										<key>5</key>
										<integer>0</integer>
										<key>6</key>
										<integer>1183130599</integer>
										<key>7</key>
										<integer>1061879769</integer>
										<key>8</key>
										<integer>-1073679311</integer>
									</dict>
								</array>
							</dict>
							<key>PatchbayInfo</key>
							<dict>
								<key>InputPort0</key>
								<dict>
									<key>PortInstance</key>
									<integer>0</integer>
									<key>PortWidth</key>
									<integer>1</integer>
									<key>SourceFuncInstance</key>
									<integer>0</integer>
									<key>SourcePortIndex</key>
									<integer>0</integer>
								</dict>
								<key>InputPort1</key>
								<dict>
									<key>PortInstance</key>
									<integer>1</integer>
									<key>PortWidth</key>
									<integer>1</integer>
									<key>SourceFuncInstance</key>
									<integer>0</integer>
									<key>SourcePortIndex</key>
									<integer>1</integer>
								</dict>
							</dict>
						</dict>
						<key>DspFunction2</key>
						<dict>
							<key>FunctionInfo</key>
							<dict>
								<key>DspFuncInstance</key>
								<integer>2</integer>
								<key>DspFuncName</key>
								<string>DspGainStage</string>
								<key>DspFuncProcessingIndex</key>
								<integer>2</integer>
							</dict>
							<key>ParameterInfo</key>
							<dict>
								<key>1</key>
								<integer>0</integer>
								<key>2</key>
								<integer>1065353216</integer>
								<key>3</key>
								<integer>1065353216</integer>
							</dict>
							<key>PatchbayInfo</key>
							<dict>
								<key>InputPort0</key>
								<dict>
									<key>PortInstance</key>
									<integer>0</integer>
									<key>PortWidth</key>
									<integer>1</integer>
									<key>SourceFuncInstance</key>
									<integer>1</integer>
									<key>SourcePortIndex</key>
									<integer>0</integer>
								</dict>
								<key>InputPort1</key>
								<dict>
									<key>PortInstance</key>
									<integer>1</integer>
									<key>PortWidth</key>
									<integer>1</integer>
									<key>SourceFuncInstance</key>
									<integer>1</integer>
									<key>SourcePortIndex</key>
									<integer>1</integer>
								</dict>
							</dict>
						</dict>
					</dict>
				</dict>
			</dict>
			<key>Outputs</key>
			<array>
				<string>Headphone</string>
				<string>IntSpeaker</string>
				<string>LineOut</string>
				<string>SPDIFOut</string>
				<string>HDMI</string>
			</array>
			<key>PathMapID</key>
			<integer>3</integer>
			<key>SPDIFIn</key>
			<dict/>
			<key>SPDIFOut</key>
			<dict/>
		</dict>
	</array>
</dict>
</plist>
