<?xml version="1.0" encoding="UTF-8"?>
<!DOCTYPE plist PUBLIC "-//Apple Computer//DTD PLIST 1.0//EN" "http://www.apple.com/DTDs/PropertyList-1.0.dtd">
<plist version="1.0">
<dict>
	<key>1</key>
	<string>Raw Read Error</string>
	<key>5</key>
	<string>Reallocated Sector Count</string>
	<key>9</key>
	<string>Power On Hours</string>
	<key>12</key>
	<string>Power Cycle</string>
	<key>13</key>
	<string>Soft Read Error Rate</string>
	<key>100</key>
	<string>Erase/program cycles</string>
	<key>103</key>
	<string>Translation Table Rebuild</string>
	<key>172</key>
	<string>Erase Fail Count</string>
	<key>174</key>
	<string>Unexpected Power Loss</string>
	<key>184</key>
	<string>End-to-end error detection</string>
	<key>187</key>
	<string>Reported Uncorrectable Errors</string>
	<key>188</key>
	<string>Command Timeout</string>
	<key>194</key>
	<string>Temperature</string>
	<key>196</key>
	<string>Reallocation Event</string>
	<key>198</key>
	<string>Offline Surface Scan</string>
	<key>199</key>
	<string>UDMA CRC Error (PATA only)</string>
	<key>254</key>
	<string>FFS Trigger Count</string>
</dict>
</plist>
