<?xml version="1.0" encoding="UTF-8"?>
<!DOCTYPE plist PUBLIC "-//Apple Computer//DTD PLIST 1.0//EN" "http://www.apple.com/DTDs/PropertyList-1.0.dtd">
<plist version="1.0">
<dict>
	<key>197</key>
	<string>Current Pending Sector Count</string>
	<key>194</key>
	<string>HDD Temperature</string>
	<key>193</key>
	<string>Load/Unload Cycles</string>
	<key>198</key>
	<string>Off-Line Scan Uncorrectable Sector Count</string>
	<key>12</key>
	<string>Power Cycles</string>
	<key>192</key>
	<string>Power Off Retract Count</string>
	<key>9</key>
	<string>Power-On Hours</string>
	<key>1</key>
	<string>Raw Read Error Rate</string>
	<key>5</key>
	<string>Reallocated Sector Count</string>
	<key>196</key>
	<string>Reallocation Event Count</string>
	<key>7</key>
	<string>Seek Error Rate</string>
	<key>8</key>
	<string>Seek Time Performance</string>
	<key>191</key>
	<string>Shock Sense Count</string>
	<key>10</key>
	<string>Spinup Retries</string>
	<key>3</key>
	<string>Spinup Time</string>
	<key>4</key>
	<string>Start/Stop Count</string>
	<key>199</key>
	<string>UltraDMA CRC Errors</string>
	<key>195</key>
	<string>ECC on the Fly Count</string>
	<key>240</key>
	<string>Transfer Rate</string>
	<key>160</key>
	<string>Free Fall Sensor Self Test Result</string>	
	<key>223</key>
	<string>Loaded Retries</string>	
	<key>254</key>
	<string>Free Fall Sensor Work Count</string>	
</dict>
</plist>
