<?xml version="1.0" encoding="UTF-8"?>
<!DOCTYPE plist PUBLIC "-//Apple Computer//DTD PLIST 1.0//EN" "http://www.apple.com/DTDs/PropertyList-1.0.dtd">
<plist version="1.0">
<dict>
	<key>1</key>
	<string>Raw Read Error Rate</string>
	<key>10</key>
	<string>Spinup Retries</string>
	<key>11</key>
	<string>Calibration Retry Count</string>
	<key>12</key>
	<string>Power Cycles</string>
	<key>187</key>
	<string>Host Reported UWC</string>
	<key>188</key>
	<string>Command Time Out count</string>
	<key>189</key>
	<string>High Fly Writes</string>
	<key>190</key>
	<string>Air Flow Temperature</string>
	<key>191</key>
	<string>Shock Sense Count</string>
	<key>192</key>
	<string>Emergency Retract Count</string>
	<key>193</key>
	<string>Load/Unload Cycles</string>
	<key>194</key>
	<string>HDD Temperature</string>
	<key>195</key>
	<string>ECC on the Fly Count</string>
	<key>196</key>
	<string>Reallocation Event Count</string>
	<key>197</key>
	<string>Pending-Sparing Count</string>
	<key>198</key>
	<string>Uncorrectable Sector Count</string>
	<key>199</key>
	<string>UltraDMA CRC Errors</string>
	<key>200</key>
	<string>Flying Height</string>
	<key>201</key>
	<string>TA Error Count</string>
	<key>223</key>
	<string>Load/Unload Retry Count</string>
	<key>225</key>
	<string>Load/Unload Count</string>
	<key>254</key>
	<string>FFS Count</string>
	<key>255</key>
	<string>Soft Error Rate</string>
	<key>3</key>
	<string>Spinup Time</string>
	<key>4</key>
	<string>Start/Stop Count</string>
	<key>5</key>
	<string>Reallocated Sector Count</string>
	<key>7</key>
	<string>Seek Error Rate</string>
	<key>8</key>
	<string>Seek Time Performance</string>
	<key>9</key>
	<string>Power-On Hours</string>
</dict>
</plist>
