<?xml version="1.0" encoding="UTF-8"?>
<!DOCTYPE plist PUBLIC "-//Apple Computer//DTD PLIST 1.0//EN" "http://www.apple.com/DTDs/PropertyList-1.0.dtd">
<plist version="1.0">
<dict>
	<key>1</key>
	<string>Raw Error Rate</string>
	<key>3</key>
	<string>Spinup Time</string>
	<key>4</key>
	<string>Spin-up Count</string>
	<key>5</key>
	<string>Relocated Sector Count</string>
	<key>7</key>
	<string>Seek Rate</string>
	<key>9</key>
	<string>Power-On Hours</string>
	<key>10</key>
	<string>Spin-on Retry</string>
	<key>12</key>
	<string>Power-on Count</string>
	<key>192</key>
	<string>Emergency Retract Count</string>
	<key>193</key>
	<string>Load/Unload Cycles</string>
	<key>194</key>
	<string>User Temperature</string>
	<key>195</key>
	<string>ECC Rate</string>
	<key>196</key>
	<string>Reassign Event</string>
	<key>197</key>
	<string>Pending Sector Count</string>
	<key>198</key>
	<string>Off-line Uncorrectable Error Count</string>
	<key>199</key>
	<string>CRC Error Count</string>
	<key>200</key>
	<string>Flying Used Reserved Block Count</string>
	<key>202</key>
	<string>Erase Fail Count</string>
	<key>254</key>
	<string>FFS Trigger Count</string>
</dict>
</plist>
