<?xml version="1.0" encoding="UTF-8"?>
<!DOCTYPE plist PUBLIC "-//Apple Computer//DTD PLIST 1.0//EN" "http://www.apple.com/DTDs/PropertyList-1.0.dtd">
<plist version="1.0">
<dict>
	<key>1</key>
	<string>Raw Error Rate</string>
	<key>3</key>
	<string>Spinup Time</string>
	<key>4</key>
	<string>Start/Stop Count</string>
	<key>5</key>
	<string>Retired Sectors Count</string>
	<key>7</key>
	<string>Seek Error Rate</string>
	<key>9</key>
	<string>Power-On Hours</string>
	<key>10</key>
	<string>Spinup Retries</string>
	<key>12</key>
	<string>Power Cycles</string>
	<key>192</key>
	<string>Emergency Retract Count</string>
	<key>193</key>
	<string>Load/Unload Cycles</string>
	<key>194</key>
	<string>HDD Temperature</string>
	<key>195</key>
	<string>ECC on the Fly Count</string>
	<key>196</key>
	<string>Reallocation Event</string>
	<key>197</key>
	<string>Pending-Sparing Count</string>
	<key>198</key>
	<string>Uncorrectable Sector Count</string>
	<key>199</key>
	<string>UltraDMA CRC Errors</string>
	<key>200</key>
	<string>Flying Height</string>
	<key>202</key>
	<string>User Area Offline Scan</string>
	<key>254</key>
	<string>FFS Trigger Count</string>
</dict>
</plist>
