<?xml version="1.0" encoding="UTF-8"?>
<!DOCTYPE plist PUBLIC "-//Apple Computer//DTD PLIST 1.0//EN" "http://www.apple.com/DTDs/PropertyList-1.0.dtd">
<plist version="1.0">
<dict>
	<key>1</key>
	<string>Raw Read Error Rate</string>
	<key>10</key>
	<string>Spinup Retries</string>
	<key>12</key>
	<string>Power Cycles</string>
	<key>192</key>
	<string>Power Off Retract Count</string>
	<key>193</key>
	<string>Load/Unload Cycles</string>
	<key>194</key>
	<string>HDD Temperature</string>
	<key>196</key>
	<string>Reallocation Event Count</string>
	<key>197</key>
	<string>Current Pending Sector Count</string>
	<key>198</key>
	<string>Off-Line Scan Uncorrectable Sector Count</string>
	<key>199</key>
	<string>CRC Error Count</string>
	<key>220</key>
	<string>Disk Shift</string>
	<key>222</key>
	<string>Loaded Hours</string>
	<key>223</key>
	<string>Load Retry count</string>
	<key>224</key>
	<string>Load Friction</string>
	<key>226</key>
	<string>Load in Time</string>
	<key>240</key>
	<string>Write Head</string>
	<key>254</key>
	<string>FFS Trigger Count</string>
	<key>3</key>
	<string>Spinup Time</string>
	<key>4</key>
	<string>Start/Stop Count</string>
	<key>5</key>
	<string>Reallocated Sector Count</string>
	<key>7</key>
	<string>Seek Error Rate</string>
	<key>8</key>
	<string>Seek Time Performance</string>
	<key>9</key>
	<string>Power-On Hours</string>
</dict>
</plist>
