<?xml version="1.0" encoding="UTF-8"?>
<!DOCTYPE plist PUBLIC "-//Apple Computer//DTD PLIST 1.0//EN" "http://www.apple.com/DTDs/PropertyList-1.0.dtd">
<plist version="1.0">
<dict>
	<key>1</key>
	<string>Raw Error Rate</string>
	<key>3</key>
	<string>Spinup Time</string>
	<key>4</key>
	<string>Start/Stop Count</string>
	<key>5</key>
	<string>Reallocated Sectors</string>
	<key>7</key>
	<string>Seek Error Rate</string>
	<key>9</key>
	<string>Power-On Hours</string>
	<key>10</key>
	<string>Spinup Retries</string>
	<key>11</key>
	<string>Calibration Retries</string>
	<key>194</key>
	<string>HDD Temperature</string>
	<key>196</key>
	<string>Reallocated Sector Events</string>
	<key>197</key>
	<string>Current Pending Sectors</string>
	<key>198</key>
	<string>Offline Scan Uncorrectable Sectors</string>
	<key>199</key>
	<string>CRC Error Rate</string>	
	<key>200</key>
	<string>Multi-Zone Error Rate</string>
	<key>254</key>
	<string>FFS Trigger Count</string>
</dict>
</plist>
