<?xml version="1.0" encoding="UTF-8"?>
<!DOCTYPE plist PUBLIC "-//Apple//DTD PLIST 1.0//EN" "http://www.apple.com/DTDs/PropertyList-1.0.dtd">
<plist version="1.0">
<dict>
	<key>LayoutID</key>
	<integer>3</integer>
	<key>PathMapRef</key>
	<array>
		<dict>
			<key>AmpPostDelay</key>
			<integer>200</integer>
			<key>AmpPreDelay</key>
			<integer>50</integer>
			<key>CodecID</key>
			<array>
				<integer>351359086</integer>
			</array>
			<key>Headphone</key>
			<dict/>
			<key>Inputs</key>
			<array>
				<string>Mic</string>
				<string>LineIn</string>
			</array>
			<key>IntSpeaker</key>
			<dict>
				<key>MaximumBootBeepValue</key>
				<integer>110</integer>
			</dict>
			<key>LineIn</key>
			<dict>
				<key>SignalProcessing</key>
				<dict>
					<key>SoftwareDSP</key>
					<dict>
						<key>DspFunction0</key>
						<dict>
							<key>FunctionInfo</key>
							<dict>
								<key>DspFuncInstance</key>
								<integer>0</integer>
								<key>DspFuncName</key>
								<string>DspNoiseReduction</string>
								<key>DspFuncProcessingIndex</key>
								<integer>0</integer>
							</dict>
							<key>ParameterInfo</key>
							<dict>
								<key>1</key>
								<integer>0</integer>
								<key>2</key>
								<integer>1</integer>
								<key>3</key>
								<integer>0</integer>
								<key>4</key>
								<integer>-1077065615</integer>
								<key>5</key>
								<data>
								UvaAwuqcX8Jk
								T2TCCqeBwgZA
								jsJcypbCH0qc
								wh47n8KhV6HC
								kF+jwpe0pMLz
								rqXCRg2mwmSt
								pcJeeKXCihGn
								wm5HqMJAsajC
								ALGowsZXqcI4
								DqrCqumpwro+
								qsKG46rCoIur
								wpYErML78avC
								iLCrwmz7q8Io
								SazC+hOswl5E
								rMLyM6zC+BKs
								wrjjrMJEzq3C
								RhOuwppursKA
								rq7CYiyvwpqa
								r8LK8a/CPgqw
								wraur8I+uK/C
								ThmwwoxusML2
								sbDCrtOwwvYy
								scLgVLHCXjOx
								wkDcsMKo37DC
								loyxwqAWssIa
								sLHCVv+wwhJ/
								scLaKbPCGOyz
								wvLws8J+tbPC
								spazwojEs8I4
								hbTCXO20wkLK
								tMIMUrTCjiW0
								wmbfs8Iuk7PC
								GFCzwpSSs8KA
								QbTCiP+0woBX
								tcIgoLXCRPi0
								wr5htMKKabTC
								PFG1wpxxtsLi
								BLfC1jS3wpYE
								t8Jg+bbC1nS3
								wtq1t8Jc4LfC
								MBa4wuqPuML8
								2LjC3LS4wnjU
								uMI2MLnCeIy5
								woLIucIMPrrC
								3EK6woSBusI8
								trrCYvG6wr46
								u8JQBrvCZsK7
								wtDOvMJck73C
								ugW+wqAnv8Ie
								pcDC1DvCwhy4
								w8LCi8XCsIbH
								wpjIycJIbMzC
								GOjOwnwCzsKO
								Cc7CstrVwrCu
								3sKoaeXCajbs
								wgao88L2tfzC
								SbwDwzR9CMPf
								+xDD
								</data>
							</dict>
							<key>PatchbayInfo</key>
							<dict/>
						</dict>
					</dict>
				</dict>
			</dict>
			<key>Mic</key>
			<dict>
				<key>SignalProcessing</key>
				<dict>
					<key>SoftwareDSP</key>
					<dict>
						<key>DspFunction0</key>
						<dict>
							<key>FunctionInfo</key>
							<dict>
								<key>DspFuncInstance</key>
								<integer>0</integer>
								<key>DspFuncName</key>
								<string>DspNoiseReduction</string>
								<key>DspFuncProcessingIndex</key>
								<integer>0</integer>
							</dict>
							<key>ParameterInfo</key>
							<dict>
								<key>1</key>
								<integer>0</integer>
								<key>2</key>
								<integer>1</integer>
								<key>3</key>
								<integer>0</integer>
								<key>4</key>
								<integer>-1077065615</integer>
								<key>5</key>
								<data>
								UvaAwuqcX8Jk
								T2TCCqeBwgZA
								jsJcypbCH0qc
								wh47n8KhV6HC
								kF+jwpe0pMLz
								rqXCRg2mwmSt
								pcJeeKXCihGn
								wm5HqMJAsajC
								ALGowsZXqcI4
								DqrCqumpwro+
								qsKG46rCoIur
								wpYErML78avC
								iLCrwmz7q8Io
								SazC+hOswl5E
								rMLyM6zC+BKs
								wrjjrMJEzq3C
								RhOuwppursKA
								rq7CYiyvwpqa
								r8LK8a/CPgqw
								wraur8I+uK/C
								ThmwwoxusML2
								sbDCrtOwwvYy
								scLgVLHCXjOx
								wkDcsMKo37DC
								loyxwqAWssIa
								sLHCVv+wwhJ/
								scLaKbPCGOyz
								wvLws8J+tbPC
								spazwojEs8I4
								hbTCXO20wkLK
								tMIMUrTCjiW0
								wmbfs8Iuk7PC
								GFCzwpSSs8KA
								QbTCiP+0woBX
								tcIgoLXCRPi0
								wr5htMKKabTC
								PFG1wpxxtsLi
								BLfC1jS3wpYE
								t8Jg+bbC1nS3
								wtq1t8Jc4LfC
								MBa4wuqPuML8
								2LjC3LS4wnjU
								uMI2MLnCeIy5
								woLIucIMPrrC
								3EK6woSBusI8
								trrCYvG6wr46
								u8JQBrvCZsK7
								wtDOvMJck73C
								ugW+wqAnv8Ie
								pcDC1DvCwhy4
								w8LCi8XCsIbH
								wpjIycJIbMzC
								GOjOwnwCzsKO
								Cc7CstrVwrCu
								3sKoaeXCajbs
								wgao88L2tfzC
								SbwDwzR9CMPf
								+xDD
								</data>
							</dict>
							<key>PatchbayInfo</key>
							<dict/>
						</dict>
					</dict>
				</dict>
			</dict>
			<key>Outputs</key>
			<array>
				<string>Headphone</string>
				<string>IntSpeaker</string>
			</array>
			<key>PathMapID</key>
			<integer>1</integer>
		</dict>
	</array>
</dict>
</plist>
