{"framework":"apd-framework-8.6.3","title":"Disk Utility Help","build_id":"54d016ef0946229b18abd794","icon":"..\/GlobalArt\/AppIconDefault_DiskUtility.png","sections":{"dsku7a940903":{"name":"Manage partitions and disks","children":["dskutl14027","dskutl14062","dskutl14079","dskutl35916","dskutl1040","dskutl1010","dskutl35612"]},"dskuf0d74cbf":{"name":"Store data on disk images","children":["dskutl11888","dskutl1002","dskutl11884","dskutl1018","dskutl14078"]},"dskucd5d16f9":{"name":"Combine disks into a RAID set","children":["dskutl1035","dskutl1022","dskutl15147","dskutl1021"]}},"birdseed_version":3,"toc":["dskutl1029","dsku7a940903","dskuf0d74cbf","dskucd5d16f9"],"locale":"en","version":"10.10","enable_tracking":false,"source_schema":"apd-schema","collect_feedback":true,"platform":"mac","design":"default","build_date":"2015.02.02-16:32:10","landing":"dskutl35504","product":"diskutility","urls":{},"copyright":"","topics":{"dskutl35916":{"name":"Check a disk for problems","href":"dskutl35916.html","unavailable":true},"dskutl1006":{"name":"If a disk in a RAID set fails or is missing","href":"dskutl1006.html","unavailable":true},"dskutl14078":{"name":"Restore a disk image to a disk","href":"dskutl14078.html","unavailable":true},"dskutl11868":{"name":"First Aid pane","href":"dskutl11868.html","unavailable":true},"dskutl14062":{"name":"Restore a disk","href":"dskutl14062.html","unavailable":true},"dskutl1018":{"name":"Burn a disk image to a CD or DVD","href":"dskutl1018.html","unavailable":true},"dskutl35915":{"name":"Repair a non-startup disk","href":"dskutl35915.html","unavailable":true},"dskutl35504":{"name":"Disk Utility Help","href":"dskutl35504.html","categories":["landing"]},"dskutl14027":{"name":"Partition a disk","href":"dskutl14027.html","unavailable":true},"dskutl1035":{"name":"Create a RAID set","href":"dskutl1035.html","unavailable":true},"dskutl11884":{"name":"Resize a disk image","href":"dskutl11884.html","unavailable":true},"dskutl1040":{"name":"Repair a disk","href":"dskutl1040.html","unavailable":true},"dskutl1021":{"name":"Delete a RAID set","href":"dskutl1021.html","unavailable":true},"dskutl1002":{"name":"Convert a disk image","href":"dskutl1002.html","unavailable":true},"dskutl1016":{"categories":["glossary"],"name":"disk image","href":"dskutl1016.html","unavailable":true},"dskutl14068":{"name":"RAID pane","href":"dskutl14068.html","unavailable":true},"dskutl36657":{"name":"Repair disk formatting information","href":"dskutl36657.html","unavailable":true},"dskutl1033":{"name":"Secure Erase Options dialog","href":"dskutl1033.html","unavailable":true},"dskutl15147":{"name":"Rebuild a mirrored RAID set","href":"dskutl15147.html","unavailable":true},"dskutl1045":{"name":"Unmount a RAID set","href":"dskutl1045.html","unavailable":true},"dskutl11917":{"categories":["glossary"],"name":"concatenated disk set","href":"dskutl11917.html","unavailable":true},"dskutl1019":{"name":"Verify that files were copied correctly from a disk image","href":"dskutl1019.html","unavailable":true},"dskutl15187":{"name":"Disk Utility preferences","href":"dskutl15187.html","unavailable":true},"dskutl35612":{"name":"Protect a disk with a password","href":"dskutl35612.html","unavailable":true},"dskutl1005":{"name":"See detailed information about a disk","href":"dskutl1005.html","unavailable":true},"dsku61bc26a5":{"categories":["glossary"],"name":"Mac OS Extended format","href":"dsku61bc26a5.html","unavailable":true},"dskutl1010":{"name":"Format a disk for Windows computers","href":"dskutl1010.html","unavailable":true},"dskutl11916":{"categories":["glossary"],"name":"striped RAID set","href":"dskutl11916.html","unavailable":true},"dskutl11888":{"name":"Create a disk image","href":"dskutl11888.html","unavailable":true},"dskutl1036":{"name":"Restore pane","href":"dskutl1036.html","unavailable":true},"dskutl15186":{"name":"Verify that a disk image’s data isn’t corrupted","href":"dskutl15186.html","unavailable":true},"dskutl1041":{"name":"RAID Options dialog","href":"dskutl1041.html","unavailable":true},"dskutl1022":{"name":"Add a disk to a mirrored RAID set","href":"dskutl1022.html","unavailable":true},"dskutl1029":{"name":"Disk Utility overview","href":"dskutl1029.html","unavailable":true},"dskutl11915":{"categories":["glossary"],"name":"mirrored RAID set","href":"dskutl11915.html","unavailable":true},"dskutl1027":{"name":"Mount a disk that’s been ejected","href":"dskutl1027.html","unavailable":true},"dskutl14079":{"name":"Erase a disk","href":"dskutl14079.html","unavailable":true},"dskutl1032":{"name":"Erase Free Space Options dialog","href":"dskutl1032.html","unavailable":true},"dskutl35506":{"categories":["glossary"],"name":"Redundant Array of Independent Disks (RAID)","href":"dskutl35506.html","unavailable":true}},"copyright_text":"© 2015 Apple Inc. All rights reserved.","css":""}