{"framework":"apd-framework-8.7.3","title":"Βοήθεια για το Βοήθημα δίσκων","build_id":"54fdf2e40946224c654d6c9b","icon":"..\/GlobalArt\/AppIconDefault_DiskUtility.png","sections":{"dsku7a940903":{"name":"Διαχείριση διαμερισμάτων και δίσκων","children":["dskutl14027","dskutl14062","dskutl14079","dskutl35916","dskutl1040","dskutl1010","dskutl35612"]},"dskuf0d74cbf":{"name":"Αποθήκευση δεδομένων σε είδωλα δίσκων","children":["dskutl11888","dskutl1002","dskutl11884","dskutl1018","dskutl14078"]},"dskucd5d16f9":{"name":"Συνδυασμός δίσκων σε σύνολο RAID","children":["dskutl1035","dskutl1022","dskutl15147","dskutl1021"]}},"birdseed_version":3,"toc":["dskutl1029","dsku7a940903","dskuf0d74cbf","dskucd5d16f9"],"locale":"el","version":"10.10","enable_tracking":false,"source_schema":"apd-schema","platform":"mac","design":"default","build_date":"2015.03.09-12:25:24","landing":"dskutl35504","product":"diskutility","urls":{},"copyright":"","topics":{"dskutl35916":{"searchName":"Επαλήθευση δίσκου χρησιμοποιώντας το Βοήθημα δίσκων","unavailable":true,"name":"Έλεγχος δίσκου για προβλήματα","href":"dskutl35916.html"},"dskutl1006":{"name":"Στην περίπτωση που ένας δίσκος σε σύνολο RAID αποτυγχάνει ή λείπει","href":"dskutl1006.html","unavailable":true},"dskutl14078":{"searchName":"Επαναφορά ειδώλου δίσκου σε δίσκο χρησιμοποιώντας το Βοήθημα δίσκων","unavailable":true,"name":"Επαναφορά ειδώλου δίσκου σε δίσκο","href":"dskutl14078.html"},"dskutl11868":{"name":"Τμήμα «Πρώτες βοήθειες»","href":"dskutl11868.html","unavailable":true},"dskutl14062":{"searchName":"Δημιουργία διπλότυπου δίσκου μέσω του Βοηθήματος δίσκων","unavailable":true,"name":"Επαναφορά δίσκου","href":"dskutl14062.html"},"dskutl1018":{"searchName":"Εγγραφή ειδώλου δίσκου σε CD ή DVD χρησιμοποιώντας το Βοήθημα δίσκων","unavailable":true,"name":"Εγγραφή ειδώλου δίσκου σε CD ή DVD","href":"dskutl1018.html"},"dskutl35915":{"searchName":"Επισκευή δίσκου μη εκκίνησης χρησιμοποιώντας το Βοήθημα δίσκων","unavailable":true,"name":"Επισκευή δίσκου μη εκκίνησης","href":"dskutl35915.html"},"dskutl35504":{"name":"Βοήθεια για το Βοήθημα δίσκων","href":"dskutl35504.html","categories":["landing"]},"dskutl14027":{"searchName":"Διαμερισματοποίηση δίσκου χρησιμοποιώντας το Βοήθημα δίσκων","unavailable":true,"name":"Διαμερισματοποίηση δίσκου","href":"dskutl14027.html"},"dskutl1035":{"searchName":"Δημιουργία συνόλου RAID χρησιμοποιώντας το Βοήθημα δίσκων","unavailable":true,"name":"Δημιουργία συνόλου RAID","href":"dskutl1035.html"},"dskutl11884":{"searchName":"Αλλαγή μεγέθους ειδώλου δίσκου χρησιμοποιώντας το Βοήθημα δίσκων","unavailable":true,"name":"Αλλαγή μεγέθους ειδώλου δίσκου","href":"dskutl11884.html"},"dskutl1040":{"searchName":"Επισκευή δίσκου χρησιμοποιώντας το Βοήθημα δίσκων","unavailable":true,"name":"Επισκευή δίσκου","href":"dskutl1040.html"},"dskutl1021":{"searchName":"Διαγραφή συνόλου RAID χρησιμοποιώντας το Βοήθημα δίσκων","unavailable":true,"name":"Διαγραφή συνόλου RAID","href":"dskutl1021.html"},"dskutl1002":{"searchName":"Μετατροπή ειδώλου δίσκου χρησιμοποιώντας το Βοήθημα δίσκων","unavailable":true,"name":"Μετατροπή ειδώλου δίσκου","href":"dskutl1002.html"},"dskutl1016":{"categories":["glossary"],"name":"Είδωλο δίσκου","href":"dskutl1016.html","unavailable":true},"dskutl14068":{"name":"Τμήμα RAID","href":"dskutl14068.html","unavailable":true},"dskutl36657":{"searchName":"Επισκευή πληροφοριών διαμόρφωσης δίσκου με το Βοήθημα δίσκων","unavailable":true,"name":"Επισκευή πληροφοριών μορφοποίησης δίσκου","href":"dskutl36657.html"},"dskutl1033":{"name":"Πλαίσιο διαλόγου «Επιλογές ασφαλούς σβησίματος»","href":"dskutl1033.html","unavailable":true},"dskutl15147":{"searchName":"Αναδόμηση κατοπτριζόμενου σύνολου RAID χρησιμοποιώντας το Βοήθημα δίσκων","unavailable":true,"name":"Αναδόμηση κατοπτριζόμενου συνόλου RAID","href":"dskutl15147.html"},"dskutl1045":{"searchName":"Κατάργηση προσάρτησης σύνολου RAID χρησιμοποιώντας το Βοήθημα δίσκων","unavailable":true,"name":"Κατάργηση προσάρτησης συνόλου RAID","href":"dskutl1045.html"},"dskutl11917":{"categories":["glossary"],"name":"σύνολο συνενωμένων δίσκων","href":"dskutl11917.html","unavailable":true},"dskutl1019":{"searchName":"Επαλήθευση της σωστής αντιγραφής αρχείων από είδωλο δίσκου χρησιμοποιώντας το Βοήθημα δίσκων","unavailable":true,"name":"Επαλήθευση της σωστής αντιγραφής αρχείων από είδωλο δίσκου","href":"dskutl1019.html"},"dskutl15187":{"name":"Προτιμήσεις για το Βοήθημα δίσκων","href":"dskutl15187.html","unavailable":true},"dskutl35612":{"searchName":"Προστασία δίσκου με συνθηματικό χρησιμοποιώντας το Βοήθημα δίσκων","unavailable":true,"name":"Προστασία δίσκου με συνθηματικό","href":"dskutl35612.html"},"dskutl1005":{"searchName":"Εμφάνιση λεπτομερών πληροφοριών δίσκου με τη χρήση του Βοηθήματος δίσκων","unavailable":true,"name":"Εμφάνιση λεπτομερών πληροφοριών δίσκου","href":"dskutl1005.html"},"dsku61bc26a5":{"categories":["glossary"],"name":"Μορφή Mac OS Extended","href":"dsku61bc26a5.html","unavailable":true},"dskutl1010":{"searchName":"Μορφοποίηση δίσκου για υπολογιστές Windows χρησιμοποιώντας το Βοήθημα δίσκων","unavailable":true,"name":"Μορφοποίηση δίσκου για υπολογιστές Windows","href":"dskutl1010.html"},"dskutl11916":{"categories":["glossary"],"name":"σύνολο RAID με λωρίδες","href":"dskutl11916.html","unavailable":true},"dskutl11888":{"searchName":"Δημιουργία ειδώλου δίσκου χρησιμοποιώντας το Βοήθημα δίσκων","unavailable":true,"name":"Δημιουργία ειδώλου δίσκου","href":"dskutl11888.html"},"dskutl1036":{"name":"Τμήμα «Επαναφορά»","href":"dskutl1036.html","unavailable":true},"dskutl15186":{"searchName":"Επαλήθευση ότι τα δεδομένα ειδώλου δίσκου δεν είναι κατεστραμμένα χρησιμοποιώντας το Βοήθημα δίσκων","unavailable":true,"name":"Επαλήθευση ότι τα δεδομένα ειδώλου δίσκου δεν είναι κατεστραμμένα","href":"dskutl15186.html"},"dskutl1041":{"name":"Πλαίσιο διαλόγου «Επιλογές RAID»","href":"dskutl1041.html","unavailable":true},"dskutl1022":{"searchName":"Προσθήκη δίσκου σε κατοπτριζόμενο σύνολο RAID χρησιμοποιώντας το Βοήθημα δίσκων","unavailable":true,"name":"Προσθήκη δίσκου σε κατοπτριζόμενο σύνολο RAID","href":"dskutl1022.html"},"dskutl1029":{"name":"Επισκόπηση του Βοηθήματος δίσκων","href":"dskutl1029.html","unavailable":true},"dskutl11915":{"categories":["glossary"],"name":"κατοπτριζόμενο σύνολο RAID","href":"dskutl11915.html","unavailable":true},"dskutl1027":{"searchName":"Προσάρτηση δίσκου που έχει εξαχθεί χρησιμοποιώντας το Βοήθημα δίσκων","unavailable":true,"name":"Προσάρτηση δίσκου που έχει εξαχθεί","href":"dskutl1027.html"},"dskutl14079":{"searchName":"Σβήσιμο δίσκου χρησιμοποιώντας το Βοήθημα δίσκων","unavailable":true,"name":"Σβήσιμο δίσκου","href":"dskutl14079.html"},"dskutl1032":{"name":"Πλαίσιο διαλόγου «Επιλογές σβησίματος ελεύθερου χώρου»","href":"dskutl1032.html","unavailable":true},"dskutl35506":{"categories":["glossary"],"name":"Πλεονάζουσα συστοιχία ανεξάρτητων δίσκων (Redundant Array of Independent Disks - RAID)","href":"dskutl35506.html","unavailable":true}},"copyright_text":"© 2015 Apple Inc. Με επιφύλαξη κάθε δικαιώματος.","css":""}