<?xml version="1.0" encoding="UTF-8"?>
<!DOCTYPE plist PUBLIC "-//Apple//DTD PLIST 1.0//EN" "http://www.apple.com/DTDs/PropertyList-1.0.dtd">
<plist version="1.0">
<dict>
	<key>LayoutID</key>
	<integer>7</integer>
	<key>PathMapRef</key>
	<array>
		<dict>
			<key>CodecID</key>
			<array>
				<integer>283904131</integer>
			</array>
			<key>Headphone</key>
			<dict>
				<key>AmpPostDelay</key>
				<integer>150</integer>
				<key>AmpPreDelay</key>
				<integer>150</integer>
			</dict>
			<key>Inputs</key>
			<array>
				<string>LineIn</string>
				<string>Mic</string>
				<string>SPDIFIn</string>
			</array>
			<key>IntSpeaker</key>
			<dict>
				<key>AmpPostDelay</key>
				<integer>150</integer>
				<key>AmpPreDelay</key>
				<integer>150</integer>
				<key>MaximumBootBeepValue</key>
				<integer>64</integer>
			</dict>
			<key>LineIn</key>
			<dict/>
			<key>LineOut</key>
			<dict>
				<key>AmpPostDelay</key>
				<integer>150</integer>
				<key>AmpPreDelay</key>
				<integer>150</integer>
			</dict>
			<key>Mic</key>
			<dict/>
			<key>Outputs</key>
			<array>
				<string>IntSpeaker</string>
				<string>Headphone</string>
				<string>LineOut</string>
				<string>SPDIFOut</string>
			</array>
			<key>PathMapID</key>
			<integer>2</integer>
			<key>SPDIFIn</key>
			<dict/>
			<key>SPDIFOut</key>
			<dict/>
		</dict>
	</array>
</dict>
</plist>
